full_name,forks,open_issues,watchers,size,has_wiki,has_pages,stars
codecrafters-io/build-your-own-x,47598,484,6679,1201,0,0,501936
sindresorhus/awesome,35030,76,8192,1561,0,1,467215
freeCodeCamp/freeCodeCamp,44611,186,8549,572380,0,0,444974
public-apis/public-apis,47726,1335,4601,5362,0,0,435425
EbookFoundation/free-programming-books,66307,79,9793,21361,0,1,388441
openclaw/openclaw,77217,6915,1807,1261408,0,0,372546
nilbuild/developer-roadmap,44079,15,6842,360751,1,0,354931
donnemartin/system-design-primer,56256,544,6843,11277,1,0,348950
jwasham/coding-interview-university,82909,111,8548,22700,0,0,346903
vinta/awesome-python,27924,19,6094,5589,0,1,298095
awesome-selfhosted/awesome-selfhosted,13565,0,3168,16808,0,0,293021
996icu/996.ICU,20871,16694,4209,189351,0,0,276194
practical-tutorials/project-based-learning,34583,298,3477,438,1,0,265895
facebook/react,51056,1300,6629,975534,0,1,245081
torvalds/linux,62342,3,8192,6298234,0,0,233465
TheAlgorithms/Python,50644,980,5977,16593,1,1,221134
trimstray/the-book-of-secret-knowledge,13199,141,2749,1748,0,0,220626
vuejs/vue,33849,623,5736,32152,1,0,209774
ossu/computer-science,25378,22,5950,1784,1,1,203871
trekhleb/javascript-algorithms,31072,406,4231,14903,0,0,195973
tensorflow/tensorflow,75304,5317,7387,1324481,0,0,195134
obra/superpowers,17294,279,771,2963,1,0,194576
ultraworkers/claw-code,109912,1405,2219,12432,0,0,191748
n8n-io/n8n,57721,1497,1091,555670,0,1,188275
ohmyzsh/ohmyzsh,26378,559,2625,13538,1,0,187086
affaan-m/everything-claude-code,28641,0,925,35002,1,0,185156
microsoft/vscode,39902,17592,3413,1257405,1,0,185001
getify/You-Dont-Know-JS,33564,2,5755,15241,0,0,184460
CyC2018/CS-Notes,51006,196,5224,116179,1,1,184373
Significant-Gravitas/AutoGPT,46231,418,1533,575609,1,0,184367
jackfrued/Python-100-Days,55695,697,6042,401142,1,0,182513
flutter/flutter,30374,12651,3478,443334,1,0,176345
massgravel/Microsoft-Activation-Scripts,16852,1,1417,12955,0,0,175495
twbs/bootstrap,78894,438,6631,294439,0,1,174245
github/gitignore,82524,65,3356,3148,0,0,173957
avelino/awesome-go,13215,185,2799,11173,0,1,172857
ollama/ollama,16157,3263,971,84298,0,0,171588
DigitalPlatDev/FreeDomain,2832,32,195,972,1,0,163205
AUTOMATIC1111/stable-diffusion-webui,30351,2487,1183,36552,1,0,163095
yt-dlp/yt-dlp,13648,2508,788,60601,1,0,162720
f/prompts.chat,21140,45,1632,350896,1,1,162392
anomalyco/opencode,18976,6093,625,262182,0,0,161444
jlevy/the-art-of-command-line,14805,254,2785,2772,0,0,160975
huggingface/transformers,33234,2352,1203,498745,1,0,160681
521xueweihan/HelloGitHub,11992,372,4854,9838,0,0,157286
Snailclimb/JavaGuide,46137,61,4446,180399,1,0,155726
NousResearch/hermes-agent,24607,11741,588,219192,1,1,153994
langflow-ai/langflow,9014,918,470,1279436,1,1,148324
airbnb/javascript,26683,159,3667,3738,1,1,148131
Genymobile/scrcpy,13086,2793,1360,8635,1,0,141799
langgenius/dify,22247,784,798,368798,0,0,141630
ytdl-org/youtube-dl,10661,4125,2155,65510,0,1,140311
yangshun/tech-interview-handbook,16580,44,2180,33749,1,0,139588
vercel/next.js,31081,3952,1547,2562280,0,0,139500
x1xhlol/system-prompts-and-models-of-ai-tools,34254,143,1637,1437,1,0,137518
open-webui/open-webui,19619,302,602,369716,1,0,137420
langchain-ai/langchain,22649,583,870,555836,0,0,136921
anthropics/skills,16039,854,877,3704,0,0,136050
golang/go,19024,10146,3320,436318,1,0,133929
labuladong/fucking-algorithm,23621,3,2267,126234,0,0,133459
multica-ai/andrej-karpathy-skills,13607,90,707,20,1,0,133235
microsoft/PowerToys,7981,6956,1171,499432,1,0,133212
Chalarangelo/30-seconds-of-code,12489,1,2585,742614,0,0,127840
krahets/hello-algo,15127,32,605,464747,0,1,126229
facebook/react-native,25146,1307,3532,967748,1,1,125830
anthropics/claude-code,20464,11040,763,27827,0,0,124262
microsoft/markitdown,8348,654,419,4255,1,0,123445
excalidraw/excalidraw,13668,3063,491,100952,0,0,123384
ripienaar/free-for-dev,12843,16,1744,9968,0,1,122408
kubernetes/kubernetes,43088,2699,3167,1471515,0,0,122313
electron/electron,17187,869,2783,201367,0,0,121305
firecrawl/firecrawl,7392,323,356,89343,0,0,120820
clash-verge-rev/clash-verge-rev,8640,322,318,75660,1,0,118664
nodejs/node,35546,2682,2953,1485263,0,0,117262
justjavac/free-programming-books-zh_CN,28313,32,5860,1059,0,0,116957
iptv-org/iptv,6140,35,2121,1236631,0,1,116269
shadcn-ui/ui,8827,1917,346,63133,0,0,114525
rustdesk/rustdesk,17198,116,599,71495,1,0,114384
Comfy-Org/ComfyUI,13266,4013,720,88491,1,0,113244
d3/d3,22738,29,3542,59349,0,1,112908
rust-lang/rust,14916,12418,1476,901256,0,0,112840
mrdoob/three.js,36378,467,2502,1598752,1,1,112528
Hack-with-Github/Awesome-Hacking,10283,31,3944,1334,0,0,112353
microsoft/generative-ai-for-beginners,59481,12,963,6594591,0,1,110924
godotengine/godot,25344,18201,1511,1803926,0,0,110805
Shubhamsaboo/awesome-llm-apps,16424,6,1138,206183,1,0,110767
ggml-org/llama.cpp,18302,1644,711,401837,1,0,110544
axios/axios,11698,159,1155,26913,0,0,109065
microsoft/TypeScript,13396,5037,2150,2960434,1,0,108878
GrowingGit/GitHub-Chinese-Top-Charts,13540,191,2631,123199,1,0,107975
denoland/deno,6062,2249,1383,217318,1,0,106752
tauri-apps/tauri,3609,1416,545,103800,0,0,106731
fatedier/frp,15044,44,1566,31809,0,0,106594
papers-we-love/papers-we-love,6354,3,3123,230849,0,0,106243
2dust/v2rayN,15026,8,892,47497,1,0,105862
goldbergyoni/nodebestpractices,10734,111,1935,69535,0,0,105264
jaywcjlove/awesome-mac,7758,298,1524,38612,0,1,104189
google-gemini/gemini-cli,13678,1803,549,97062,0,1,104154
deepseek-ai/DeepSeek-V3,16748,206,761,1768,0,0,103556
react/create-react-app,27051,2387,1879,25186,0,1,103386
microsoft/terminal,9283,1736,1357,166693,1,0,103195
supabase/supabase,12431,1012,678,2365314,0,1,102503
github/spec-kit,8865,424,562,8294,0,1,101220
immich-app/immich,5629,665,323,286368,0,0,100816
Anduin2017/HowToCook,10965,466,491,466263,0,1,100124
angular/angular,27220,1152,2951,631402,0,0,100113
pytorch/pytorch,27810,18509,1769,1341646,1,0,99957
neovim/neovim,6900,1927,997,382312,1,0,99704
openai/whisper,12197,122,730,4132,0,0,99618
mtdvio/every-programmer-should-know,8725,24,2026,226,1,0,98939
msitarzewski/agency-agents,16386,139,777,2588,1,0,98731
mui/material-ui,32639,1536,1307,741602,0,0,98356
fastapi/fastapi,9304,207,738,47286,0,0,98269
garrytan/gstack,14618,512,600,99410,1,0,98268
ant-design/ant-design,54614,1371,243,263325,1,1,98055
nvbn/thefuck,3951,433,816,4043,1,0,96987
microsoft/Web-Dev-For-Beginners,15486,60,2662,2204541,1,1,95770
tailwindlabs/tailwindcss,5242,92,668,113407,0,0,95034
rasbt/LLMs-from-scratch,14546,6,788,15832,0,0,94964
ryanmcdermott/clean-code-javascript,12467,123,1725,520,1,0,94347
puppeteer/puppeteer,9418,258,1167,1420931,0,1,94334
browser-use/browser-use,10647,226,432,31171,0,0,94258
iluwatar/java-design-patterns,27370,229,3690,47270,1,0,94001
florinpop17/app-ideas,10434,606,1821,648,1,0,93972
nvm-sh/nvm,10179,380,1062,4130,0,0,93407
hacksider/Deep-Live-Cam,13543,112,550,156131,1,0,93065
deepseek-ai/DeepSeek-R1,11736,40,601,1571,0,0,92012
oven-sh/bun,4566,6924,596,552071,0,0,91568
ruanyf/weekly,4090,7825,3968,7570,1,0,91277
PanJiaChen/vue-element-admin,30497,1385,2158,15433,1,1,90271
storybookjs/storybook,10061,2210,910,1046899,0,0,89919
bitcoin/bitcoin,38977,698,4052,315622,0,0,89114
microsoft/playwright,5712,168,574,235093,0,0,88852
gin-gonic/gin,8609,687,1353,10553,0,0,88518
mermaid-js/mermaid,8978,1670,646,267375,1,1,88094
gohugoio/hugo,8266,233,1080,138803,0,0,88094
ChatGPTNextWeb/NextChat,59712,824,470,20946,0,0,88013
mattpocock/skills,7640,36,591,200,0,0,87707
opencv/opencv,56577,2733,2608,557590,1,0,87505
django/django,33886,430,2229,279551,0,0,87495
home-assistant/core,37493,4107,1330,826476,0,0,87085
punkpeye/awesome-mcp-servers,10318,1464,15,23987,1,0,87017
louislam/uptime-kuma,7859,746,311,37319,1,1,86887
3b1b/manim,7290,492,933,76625,1,1,86879
sveltejs/svelte,4914,1009,862,120626,1,0,86582
microsoft/ML-For-Beginners,20816,7,1061,2227898,1,1,85815
modelcontextprotocol/servers,10723,469,616,29059,0,0,85791
MunGell/awesome-for-beginners,7871,110,1270,951,0,0,85667
astral-sh/uv,3124,2724,165,159371,0,1,85055
laravel/laravel,24725,32,4370,11002,0,0,84281
syncthing/syncthing,5189,386,1043,125431,1,0,84097
macrozheng/mall,29702,14,2205,58736,1,0,83626
realworld-apps/realworld,7607,35,1504,35495,0,1,83449
sherlock-project/sherlock,9727,270,1300,18595,1,0,83422
openai/codex,12061,4410,468,442320,0,0,83188
zed-industries/zed,8524,3063,300,450026,0,0,83046
ByteByteGoHq/system-design-101,9143,61,1034,46759,1,0,82674
DopplerHQ/awesome-interview-questions,9512,48,3,488,1,0,82579
animate-css/animate.css,15996,80,2207,2002,0,1,82534
bregman-arie/devops-exercises,19397,46,1305,8007,1,1,82387
tonsky/FiraCode,3187,427,711,90581,1,0,81621
karpathy/autoresearch,11841,185,628,530,1,0,81446
localsend/localsend,4387,963,317,18065,0,0,81405
Developer-Y/cs-video-courses,11239,4,1995,957,1,0,81351
fighting41love/funNLP,15215,46,1628,174188,1,0,80698
spring-projects/spring-boot,41931,494,3298,215240,1,0,80656
vitejs/vite,8183,732,498,69134,0,0,80652
infiniflow/ragflow,9225,3022,332,120456,0,0,80645
junegunn/fzf,2806,319,393,8491,1,0,80303
vllm-project/vllm,16869,4975,550,202918,0,0,80230
VoltAgent/awesome-design-md,9668,281,336,1705,0,0,80109
nextlevelbuilder/ui-ux-pro-max-skill,8177,151,384,3949,0,0,79491
anuraghazra/github-readme-stats,33361,282,302,7685,0,0,79437
mlabonne/llm-course,9227,78,749,7637,1,0,79393
hoppscotch/hoppscotch,5876,726,501,97242,1,0,79196
doocs/advanced-java,19227,0,2549,34416,0,1,78971
Stirling-Tools/Stirling-PDF,6905,401,233,276839,1,0,78847
netdata/netdata,6439,313,1336,270538,0,0,78834
jesseduffield/lazygit,2835,962,322,153476,1,0,78036
PaddlePaddle/PaddleOCR,10441,207,538,1902933,0,1,77987
d2l-ai/d2l-zh,12300,129,1110,316965,0,0,77875
swisskyrepo/PayloadsAllTheThings,16966,27,1962,23283,0,1,77752
tensorflow/models,45091,1287,2643,660061,1,0,77662
coder/code-server,6675,159,737,54595,0,0,77580
nomic-ai/gpt4all,8330,759,697,44678,1,0,77367
lobehub/lobehub,15194,807,289,747560,0,1,77181
elastic/elasticsearch,25889,5711,2609,1640049,0,0,76715
ventoy/Ventoy,4803,947,694,218541,1,0,76665
MisterBooo/LeetCodeAnimation,13926,21,2513,509807,1,0,76616
FortAwesome/Font-Awesome,12222,329,1339,152168,0,0,76602
TauricResearch/TradingAgents,14862,341,602,4843,1,1,76295
thedotmack/claude-mem,6546,106,274,177066,1,0,76273
sdmg15/Best-websites-a-programmer-should-visit,8569,1010,1,2005,1,1,76062
typicode/json-server,7288,717,980,4258,0,0,75567
nestjs/nest,8310,33,718,483830,1,0,75517
awesomedata/awesome-public-datasets,11465,152,2302,1074,0,0,75445
Z4nzu/hackingtool,8469,108,1427,2486,1,0,75037
dair-ai/Prompt-Engineering-Guide,8079,263,739,82777,1,0,74659
redis/redis,24626,2842,2487,211664,0,0,74392
tesseract-ocr/tesseract,10624,477,1706,53813,1,0,74125
unionlabs/union,3894,193,1604,483745,1,0,74087
grafana/grafana,13896,3569,1246,1753781,0,1,73818
OpenHands/OpenHands,9345,413,439,331885,1,1,73816
vuejs/awesome-vue,9466,68,2065,12488,0,0,73596
openai/openai-cookbook,12422,163,992,890172,0,0,73577
enaqx/awesome-react,7588,31,1485,2580,0,0,73292
ocornut/imgui,11764,1230,1058,127133,1,0,73258
twitter/the-algorithm,13259,512,407,8422,0,0,73220
farion1231/cc-switch,4739,878,137,47511,1,0,73094
CompVis/stable-diffusion,10606,614,570,43676,1,0,73000
apache/superset,17319,1267,1535,944954,1,1,72870
PKUFlyingPig/cs-self-learning,7889,145,350,69980,1,1,72787
python/cpython,34617,9315,1538,820032,0,0,72731
thedaviddias/Front-End-Checklist,6642,4,1430,2926,0,1,72625
abi/screenshot-to-code,8950,122,409,8063,1,0,72611
caddyserver/caddy,4740,249,842,21124,0,0,72518
josephmisiti/awesome-machine-learning,15462,11,3249,2757,0,1,72492
obsproject/obs-studio,9249,1105,1489,80482,1,1,72454
daytonaio/daytona,5570,409,124,139254,1,0,72420
strapi/strapi,9714,731,648,634329,0,0,72193
moby/moby,18950,3783,2807,261463,1,0,71563
pallets/flask,16848,3,2082,11929,0,0,71553
Eugeny/tabby,4021,2670,449,98858,1,1,71372
hiyouga/LlamaFactory,8712,1016,334,13422,0,1,71330
fffaraz/awesome-cpp,8291,307,2045,2490,0,1,71291
protocolbuffers/protobuf,16130,273,2021,223077,1,1,71237
hakimel/reveal.js,16801,897,1625,35218,1,1,71223
binhnguyennus/awesome-scalability,6994,21,1887,1607,0,1,71055
TapXWorld/ChinaTextbook,15915,109,582,43543927,1,0,71050
danielmiessler/SecLists,25008,9,1986,3296508,1,0,70962
binary-husky/gpt_academic,8395,324,290,72756,1,0,70670
AppFlowy-IO/AppFlowy,5240,975,374,93896,0,0,70624
nektos/act,1921,325,193,17787,0,0,70301
swiftlang/swift,10720,8948,2390,1340538,0,0,69990
expressjs/express,23349,212,1671,9819,1,0,69030
ansible/ansible,24180,800,1856,264612,0,0,68581
base/node,3234,49,318,3036,1,0,68567
NationalSecurityAgency/ghidra,7533,1885,1101,408337,1,0,68549
juliangarnier/anime,4609,102,774,178978,1,1,68486
prakhar1989/awesome-courses,8362,60,2294,1401,0,1,68462
toeverything/AFFiNE,4859,622,281,434434,0,0,68454
bytedance/deer-flow,9064,811,294,35581,0,0,68054
FoundationAgents/MetaGPT,8677,126,911,184037,1,0,68051
chrislgarry/Apollo-11,7685,130,1350,3427,1,0,67863
OpenBB-finance/OpenBB,6809,81,450,2416643,0,1,67678
chartjs/Chart.js,11950,564,1341,43572,0,0,67420
labmlai/annotated_deep_learning_paper_implementations,6715,32,496,156370,1,1,66745
leonardomso/33-js-concepts,9189,4,1186,2935,1,0,66435
apache/echarts,19810,1652,1953,267676,1,0,66365
xtekky/gpt4free,13583,3,485,171342,1,0,66232
scikit-learn/scikit-learn,27026,2022,2119,182927,1,0,66106
paperclipai/paperclip,12015,3841,360,61390,0,0,65975
webpack/webpack,9357,202,1405,82109,0,0,65768
unclecode/crawl4ai,6730,88,363,150525,1,0,65750
sindresorhus/awesome-nodejs,6226,26,1639,1558,0,0,65724
TheAlgorithms/Java,21149,34,2171,7371,0,0,65661
bradtraversy/design-resources-for-developers,12024,19,1041,5040,1,0,65559
lydiahallie/javascript-questions,9219,51,1261,4330,1,0,65326
kelseyhightower/nocode,4830,4715,363,5,1,0,65284
kdn251/interviews,12897,119,2571,24462,1,0,64936
localstack/localstack,4737,0,512,57561,0,0,64936
facebook/docusaurus,9883,395,433,1161342,0,1,64931
gorhill/uBlock,4113,17,1032,163217,1,1,64734
unslothai/unsloth,5679,1233,348,77462,0,0,64423
alacritty/alacritty,3461,336,448,14628,1,0,64085
prometheus/prometheus,10411,773,1100,281173,1,0,64083
keras-team/keras,19775,187,1854,53032,1,0,64074
BurntSushi/ripgrep,2563,192,281,5472,0,0,63841
openinterpreter/open-interpreter,5545,324,459,100555,0,0,63553
LadybirdBrowser/ladybird,3033,651,293,447248,0,0,63392
opendatalab/MinerU,5343,16,240,154510,0,1,63374
pathwaycom/pathway,1674,38,114,141864,0,0,63298
traefik/traefik,5996,824,669,157740,0,0,63187
socketio/socket.io,10148,210,1472,33155,0,1,63079
nocodb/nocodb,4774,700,394,1428618,1,0,63059
ryanoasis/nerd-fonts,3920,74,402,27438617,1,1,63009
resume/resume.github.com,1372,72,333,411,1,1,62853
rust-lang/rustlings,11192,41,347,4407,0,1,62844
Asabeneh/30-Days-Of-Python,11892,123,966,30842,1,0,62665
gsd-build/get-shit-done,5323,56,257,18964,1,0,62649
tldr-pages/tldr,5232,283,398,56033,1,0,62542
microsoft/ai-agents-for-beginners,20968,8,532,3743413,1,1,62033
cline/cline,6443,881,274,402125,1,0,61912
FuelLabs/sway,5421,903,297,116949,0,1,61701
scrapy/scrapy,11552,625,1754,30314,1,0,61687
reduxjs/redux,15069,42,1245,34120,0,1,61446
youngyangyang04/leetcode-master,12337,245,402,100340,1,0,61418
lodash/lodash,7164,141,804,49776,1,0,61229
JuliusBrussee/caveman,3407,205,145,2470,1,1,61145
jgraph/drawio-desktop,5671,63,564,3119,1,0,61136
git/git,27906,376,2466,305652,0,0,61004
666ghj/MiroFish,9538,275,408,16197,1,0,60994
minio/minio,7502,81,648,125263,0,1,60942
commaai/openpilot,10900,157,1317,826516,1,0,60939
shareAI-lab/learn-claude-code,9961,128,270,915,1,0,60892
h5bp/Front-end-Developer-Interview-Questions,11042,58,2174,6085,0,1,60873
xingshaocheng/architect-awesome,17722,63,3192,3080,1,0,60818
atom/atom,17232,994,0,330585,0,0,60806
topjohnwu/Magisk,17465,58,1637,62802,0,1,60481
dani-garcia/vaultwarden,2806,34,286,12418,1,0,60451
nuxt/nuxt,5612,804,775,138060,0,0,60230
ComposioHQ/awesome-claude-skills,6555,640,402,4483,1,0,60213
adam-p/markdown-here,11071,318,982,17985,1,1,60202
FFmpeg/FFmpeg,13827,3,1513,478281,0,0,60192
Mintplex-Labs/anything-llm,6514,363,390,59681,1,0,60160
PlexPt/awesome-chatgpt-prompts-zh,13588,44,363,39660,1,0,60122
Solido/awesome-flutter,6873,24,1569,3544,0,1,60018
spring-projects/spring-framework,38834,428,3278,242479,1,1,59946
docling-project/docling,4147,905,214,281193,0,1,59864
jquery/jquery,20436,93,3109,35906,1,0,59845
CorentinJ/Real-Time-Voice-Cloning,9413,170,937,369730,1,0,59746
pathwaycom/llm-app,1433,10,90,62509,0,0,59706
usememos/memos,4371,26,189,38092,0,0,59696
shadowsocks/shadowsocks-windows,16272,201,2420,13489,1,0,59556
meta-llama/llama,9799,519,536,1150,0,0,59424
withastro/astro,3454,214,206,224658,0,0,59353
FiloSottile/mkcert,3116,168,506,1799,0,0,58922
sharkdp/bat,1564,375,204,35003,0,0,58913
virattt/ai-hedge-fund,10354,130,657,3332,1,0,58898
ruvnet/RuView,7666,164,350,156998,1,1,58785
warpdotdev/warp,4555,3833,343,188738,0,0,58778
pi-hole/pi-hole,3165,48,707,9105,0,0,58655
angular/angular.js,27130,461,4,101796,1,0,58646
rails/rails,22229,1545,2306,279327,0,0,58427
pocketbase/pocketbase,3375,17,313,137734,0,0,58381
karpathy/nanoGPT,9999,349,498,981,1,0,58211
code-yeongyu/oh-my-openagent,4717,561,210,67886,0,0,58189
microsoft/autogen,8767,834,522,148692,0,1,58097
pmndrs/zustand,2054,5,178,7889,1,1,58039
sansan0/TrendRadar,24314,33,201,30545,0,1,57719
meilisearch/meilisearch,2549,292,296,89430,0,0,57602
RVC-Boss/GPT-SoVITS,6278,860,271,14477,1,0,57544
starship/starship,2518,1010,195,45547,0,0,57516
h5bp/html5-boilerplate,12304,27,2452,22685,1,0,57438
scutan90/DeepLearning-500-questions,15945,120,2226,207074,1,1,57396
ultralytics/yolov5,17478,43,380,17468,1,0,57377
rust-unofficial/awesome-rust,3357,8,816,8112,0,0,57346
harry0703/MoneyPrinterTurbo,8277,5,387,532548,1,0,57297
ultralytics/ultralytics,11011,321,257,55089,1,0,57229
rclone/rclone,5093,1181,569,242043,1,0,57227
zylon-ai/private-gpt,7596,302,477,2798,1,0,57211
FuelLabs/fuel-core,2862,188,221,910572,1,1,57078
tiimgreen/github-cheat-sheet,5418,46,1363,776,0,0,56897
soimort/you-get,9751,384,1351,3538,1,1,56852
remix-run/react-router,10855,136,799,47925,0,0,56418
ageitgey/face_recognition,13739,835,1543,103959,1,0,56407
Textualize/rich,2159,326,526,50508,1,0,56369
FoundationAgents/OpenManus,9806,549,417,4472,1,0,56280
2dust/v2rayNG,7415,11,668,267657,1,0,56258
marktext/marktext,4208,1308,437,79534,1,0,56151
wasabeef/awesome-android-ui,10255,40,2754,871781,1,0,56118
appwrite/appwrite,5353,881,409,430414,0,0,56095
golang-standards/project-layout,5450,94,595,429,1,0,55972
gatsbyjs/gatsby,10197,375,695,1147899,0,0,55952
mem0ai/mem0,6368,373,226,55531,0,0,55917
azl397985856/leetcode,9439,10,1318,126606,1,0,55777
go-gitea/gitea,6705,2793,489,333740,0,0,55727
upstash/context7,2633,150,155,27525,0,0,55464
coollabsio/coolify,4518,757,170,62671,0,0,55343
deepfakes/faceswap,13389,8,1518,205332,0,1,55238
AntonOsika/gpt-engineer,7354,71,529,20474,0,0,55218
termux/termux-app,6592,541,1478,5126,1,0,55054
laurent22/joplin,6104,570,475,636611,0,0,54838
ghostty-org/ghostty,2719,252,202,69258,0,0,54684
ChrisTitusTech/winutil,3071,20,377,14920,0,1,54592
Zie619/n8n-workflows,7154,24,852,45314,1,1,54418
lencx/ChatGPT,6172,934,455,32499,0,1,54376
koala73/worldmonitor,8742,200,337,92012,1,0,54314
romkatv/powerlevel10k,2420,147,188,71926,0,0,54194
facebookresearch/segment-anything,6338,594,330,18751,0,0,54162
ElemeFE/element,14481,2969,1289,93346,1,1,54129
maybe-finance/maybe,5611,0,0,6891,1,0,54125
firstcontributions/first-contributions,102708,189,513,38039,1,0,54009
psf/requests,9926,230,1294,13542,1,0,53999
wagoodman/dive,1994,203,365,6927,0,0,53939
ngosang/trackerslist,6612,5,1296,7094,0,1,53871
vuejs/core,9111,983,750,42113,0,0,53672
WerWolv/ImHex,2387,353,513,52026,0,1,53596
typst/typst,1576,1261,137,139811,0,0,53574
karpathy/nanochat,7203,105,347,1965,0,0,53556
necolas/normalize.css,10396,75,1456,379,0,1,53544
PowerShell/PowerShell,8315,1472,1439,103941,0,0,53467
shanraisshan/claude-code-best-practice,5344,15,414,69546,1,0,53371
mozilla/pdf.js,10616,449,1094,190957,1,1,53319
google/material-design-icons,9727,403,1793,4698287,0,1,53292
TryGhost/Ghost,11590,279,1007,467905,0,0,53033
FlowiseAI/Flowise,24351,860,356,81045,0,0,52871
JetBrains/kotlin,6303,245,1505,4850964,0,0,52736
ionic-team/ionic-framework,13381,626,1552,1664600,1,0,52505
sickcodes/Docker-OSX,2887,416,439,13718,1,1,52503
MemPalace/mempalace,6920,559,303,18339,0,1,52348
vsouza/awesome-ios,6961,6,1782,14398,0,1,52194
ruvnet/ruflo,5878,547,378,520847,1,0,52079
prettier/prettier,4721,1487,411,170333,1,0,51881
agalwood/Motrix,4873,779,482,69808,1,0,51716
etcd-io/etcd,10356,240,1268,96820,0,0,51708
jellyfin/jellyfin,4797,694,356,73770,0,0,51648
xai-org/grok-1,8474,126,638,1008,1,0,51642
tw93/Mole,1620,19,127,236023,0,0,51616
crewAIInc/crewAI,7132,325,374,231577,0,1,51560
google/guava,11145,735,2325,1371789,1,1,51497
chinese-poetry/chinese-poetry,10373,136,1146,227210,1,1,51461
jekyll/jekyll,10289,252,1399,70973,1,1,51422
dockur/windows,4305,103,237,1414,0,0,51390
DefinitelyTyped/DefinitelyTyped,30504,680,633,830856,0,0,51242
Semantic-Org/Semantic-UI,4876,1071,1272,113201,1,0,51096
jesseduffield/lazydocker,1612,274,279,30218,0,0,51053
Avik-Jain/100-Days-Of-ML-Code,11562,67,2432,10955,1,1,51047
ethereum/go-ethereum,21917,400,2196,236069,1,1,51047
lyswhut/lx-music-desktop,6813,1166,376,85153,0,0,51024
justjavac/awesome-wechat-weapp,9015,2,1920,827,0,0,50962
charlax/professional-programming,3973,1,1004,4766,1,0,50847
OpenCut-app/OpenCut,5487,311,219,27354,1,0,50808
odoo/odoo,32424,9738,1528,15806351,1,0,50727
poteto/hiring-without-whiteboards,3884,38,909,3371,0,0,50621
earendil-works/pi,5998,36,190,44244,1,0,50578
D4Vinci/Scrapling,4790,4,201,8236,1,0,50541
freqtrade/freqtrade,10521,33,736,739070,1,1,50430
dkhamsing/open-source-ios-apps,5775,5,1420,31896,1,0,50309
datawhalechina/hello-agents,6066,116,162,202385,1,1,50278
jgthms/bulma,3896,521,571,116388,1,1,50078
dbeaver/dbeaver,4182,3331,538,213758,1,1,50077
jingyaogong/minimind,6363,35,241,38340,1,1,50019
mastodon/mastodon,7439,4454,710,380357,0,0,49953
ggml-org/whisper.cpp,5542,1196,372,36913,1,1,49781
NanmiCoder/MediaCrawler,10530,160,220,28860,1,1,49715
nlohmann/json,7394,72,753,247931,0,1,49708
cypress-io/cypress,3398,1204,580,552757,0,1,49643
NARKOZ/hacker-scripts,6644,70,2042,105,0,0,49497
expo/expo,12286,618,370,3673293,1,0,49489
AlistGo/alist,7941,564,214,6436,1,0,49484
run-llama/llama_index,7419,384,275,458329,0,0,49461
TanStack/query,3823,181,214,109233,0,0,49443
huginn/huginn,4264,695,737,9458,1,0,49278
makeplane/plane,4274,826,159,285639,1,0,49274
rtk-ai/rtk,2989,935,120,3297,1,0,49097
VoltAgent/awesome-openclaw-skills,4781,1,305,1989,0,0,48828
pandas-dev/pandas,19960,3267,1113,393801,0,0,48778
tw93/Pake,9843,0,237,64118,0,0,48752
JuliaLang/julia,5775,4691,898,367228,0,0,48710
safishamsi/graphify,5283,256,187,2248,1,0,48650
iamkun/dayjs,2426,1228,272,5984,1,1,48643
serhii-londar/open-source-mac-os-apps,2563,76,961,5804,1,1,48608
1c7/chinese-independent-developer,4163,1,1304,5080,0,1,48568
Fission-AI/OpenSpec,3404,330,229,4002,0,0,48565
skylot/jadx,5515,421,812,25533,1,0,48551
algorithm-visualizer/algorithm-visualizer,7588,79,1203,21182,1,0,48550
lllyasviel/Fooocus,7894,296,409,34158,0,0,48501
hashicorp/terraform,10351,1897,1126,354075,0,0,48410
x64dbg/x64dbg,2737,572,2671,64767,1,0,48398
kelseyhightower/kubernetes-the-hard-way,15656,49,938,711,1,0,48319
ReactiveX/RxJava,7587,20,2151,162990,1,1,48255
jakevdp/PythonDataScienceHandbook,18943,231,1813,43642,1,1,48110
type-challenges/type-challenges,5255,33182,154,3344,0,0,48095
Homebrew/brew,11123,14,733,112569,0,1,48045
bigskysoftware/htmx,1596,657,209,325159,0,0,48012
moment/moment,6996,298,826,22191,0,0,47981
akullpp/awesome-java,7674,10,2157,2664,1,0,47947
nilbuild/design-patterns-for-humans,5507,16,1195,149,1,0,47821
penpot/penpot,2985,698,254,365380,0,0,47741
GokuMohandas/Made-With-ML,7524,25,1266,3447,1,0,47671
karan/Projects,10639,117,1764,1790,0,0,47663
minimaxir/big-list-of-naughty-strings,2161,108,837,330,1,0,47631
microsoft/AI-For-Beginners,9844,4,504,1416835,1,1,47597
brillout/awesome-react-components,3769,49,735,1367,1,0,47577
astral-sh/ruff,2096,1991,102,140036,0,0,47552
gogs/gogs,5064,994,1014,210749,0,0,47520
ClickHouse/ClickHouse,8404,6142,688,6499283,1,0,47452
bmad-code-org/BMAD-METHOD,5549,52,401,44133,1,1,47397
DovAmir/awesome-design-patterns,3244,24,717,98,1,1,47383
metabase/metabase,6464,4134,637,1878606,1,0,47346
BerriAI/litellm,8118,3122,203,1079211,1,1,47270
microsoft/VibeVoice,5251,161,233,215599,1,1,47199
pixijs/pixijs,5009,327,970,136417,1,0,47190
oobabooga/textgen,5982,803,351,32083,1,0,47146
slab/quill,3638,649,483,18429,0,0,47106
remotion-dev/remotion,3254,115,145,3851068,0,1,47105
tldraw/tldraw,3216,373,166,1342585,0,0,47068
typescript-cheatsheets/react,4293,0,387,3104,0,0,47046
chenglou/pretext,2595,63,147,1576,1,1,47044
discourse/discourse,8913,149,879,901227,0,0,47036
square/okhttp,9270,111,1614,63430,0,1,46970
serverless/serverless,5736,1232,911,105267,0,0,46918
v2ray/v2ray-core,8853,17,1334,55242,0,0,46848
dypsilon/frontend-dev-bookmarks,5150,123,1956,1048,0,0,46717
gedoor/legado,5362,65,287,64170,1,0,46696
acmesh-official/acme.sh,5570,1395,477,7555,1,0,46575
slidevjs/slidev,2070,186,164,80741,0,0,46503
GitHubDaily/GitHubDaily,4653,595,1440,3027,1,0,46480
coreybutler/nvm-windows,3825,85,461,32685,1,0,46398
Asabeneh/30-Days-Of-JavaScript,10440,370,849,124993,1,0,46354
Raphire/Win11Debloat,1886,45,214,1887,1,0,46328
KRTirtho/spotube,2086,794,237,146213,1,1,46312
mudler/LocalAI,4085,157,288,59969,1,1,46300
jeecgboot/JeecgBoot,15998,20,830,96678,1,1,46295
ziishaned/learn-regex,6180,65,882,928,1,0,46121
bevyengine/bevy,4568,3406,310,166708,0,1,46105
microsoft/monaco-editor,4065,814,528,139236,1,1,46013
prisma/prisma,2206,2603,255,166903,0,1,45976
LeCoupa/awesome-cheatsheets,6699,138,730,8889,1,1,45869
twentyhq/twenty,6432,139,192,1217116,0,0,45861
CherryHQ/cherry-studio,4350,1163,200,240919,0,0,45809
lukasz-madon/awesome-remote-job,4616,16,1144,1119,1,0,45787
android/architecture-samples,11873,220,2382,13364,1,0,45688
tmux/tmux,2626,54,470,19168,1,0,45570
bannedbook/fanqiang,7903,326,1219,751979,1,1,45516
google/zx,1271,39,159,3888,0,1,45498
apache/airflow,17065,1745,777,599454,0,0,45441
ColorlibHQ/AdminLTE,18231,27,1950,139945,0,1,45385
jestjs/jest,6656,220,550,318117,1,1,45356
aaif-goose/goose,4651,215,224,979231,1,1,45348
coqui-ai/TTS,6097,8,339,170196,1,0,45323
RocketChat/Rocket.Chat,13572,3707,846,2029157,1,1,45316
upscayl/upscayl,2212,57,201,567685,1,0,45312
docker/awesome-compose,8148,374,482,11056,0,0,45303
santifer/career-ops,9470,134,190,29201,1,0,45098
Leaflet/Leaflet,6123,536,882,59956,0,1,45018
isocpp/CppCoreGuidelines,5542,248,1919,27754,0,1,44993
Aider-AI/aider,4424,1542,249,140355,1,1,44915
iina/iina,2816,1912,532,279117,1,0,44895
9001/copyparty,1838,261,138,8413,0,0,44860
GitSquared/edex-ui,3113,6,2,31579,1,0,44830
meteor/meteor,5255,378,1488,146493,1,0,44783
pyenv/pyenv,3273,55,388,6450,1,0,44773
grpc/grpc,11171,1342,1333,606222,0,1,44767
exo-explore/exo,3168,219,332,39203,0,0,44736
react-hook-form/react-hook-form,2401,92,176,31352,0,0,44718
SimplifyJobs/Summer2026-Internships,3178,5,1517,2577118,0,0,44613
streamlit/streamlit,4262,1304,326,986824,0,0,44612
vercel/hyper,3560,1042,472,23395,0,0,44583
sudheerj/reactjs-interview-questions,10363,15,630,6705,1,0,44573
zhayujie/CowAgent,10109,330,299,8016,1,0,44531
zhongyang219/TrafficMonitor,3684,1305,297,16715,1,0,44441
cli/cli,8436,1009,1033,76912,0,0,44433
helix-editor/helix,3471,1550,216,83460,1,1,44411
milvus-io/milvus,4002,876,331,293165,1,0,44330
hiroi-sora/Umi-OCR,4372,339,216,281373,1,0,44256
jgm/pandoc,3854,1072,524,69958,1,0,44181
byoungd/English-level-up-tips,4654,24,909,45971,1,1,44137
DIYgod/RSSHub,9784,350,372,1058285,1,1,44079
usebruno/bruno,2442,1661,95,49669,0,0,44031
parcel-bundler/parcel,2277,593,444,63622,0,0,44030
hesreallyhim/awesome-claude-code,3769,307,299,20923,0,0,43997
AykutSarac/jsoncrack.com,3539,35,226,42011,0,1,43991
streamich/react-use,3274,655,259,83973,1,1,43977
yangshun/front-end-interview-handbook,5951,11,761,330813,1,0,43965
spf13/cobra,3145,367,361,2106,1,0,43945
astaxie/build-web-application-with-golang,10490,138,2309,38293,1,0,43936
siyuan-note/siyuan,2798,340,174,501086,0,0,43922
square/retrofit,7346,170,1540,7421,0,1,43904
babel/babel,5826,750,773,143295,0,0,43898
getsentry/sentry,4708,2103,667,876270,0,0,43886
NaiboWang/EasySpider,5336,266,232,151327,1,0,43812
aymericdamien/TensorFlow-Examples,14757,228,2009,10242,1,0,43772
mitmproxy/mitmproxy,4565,427,623,68742,0,0,43561
files-community/Files,2724,517,405,276178,0,0,43527
Kong/kong,5136,139,994,97299,0,0,43402
apache/spark,29191,393,1986,556917,0,1,43286
karanpratapsingh/system-design,5559,3,347,5564,1,0,43276
FuelLabs/fuels-rs,1360,68,120,20145,0,1,43209
fastapi/full-stack-fastapi-template,8555,36,294,5777,1,0,43186
FuelLabs/fuels-ts,1371,78,108,115558,0,1,43185
Unitech/pm2,2715,1080,629,14146,0,0,43154
anthropics/claude-cookbooks,4883,179,546,207229,1,0,43139
Light-City/CPlusPlusThings,8833,10,558,2503,1,0,43126
alex/what-happens-when,5736,2064,672,260,1,0,43099
microsoft/qlib,6767,400,476,17997,1,0,43078
nexu-io/open-design,4909,375,151,622834,1,0,43033
sharkdp/fd,1063,188,151,2422,0,0,43006
calcom/cal.diy,13349,1367,183,1138730,0,0,42972
ziglang/zig,3069,2988,385,379756,1,0,42936
logseq/logseq,2628,925,246,184741,0,0,42918
faif/python-patterns,7035,15,1588,3844,1,0,42740
juspay/hyperswitch,4688,1690,125,369370,1,0,42701
colinhacks/zod,1953,130,79,23935,1,0,42690
addyosmani/agent-skills,4689,87,267,305,1,0,42669
HKUDS/nanobot,7493,898,202,42391,0,0,42626
gradio-app/gradio,3470,469,196,352908,1,0,42611
ray-project/ray,7580,3519,479,735275,0,0,42562
janhq/jan,2862,378,220,1544990,1,0,42558
k88hudson/git-flight-rules,3180,16,642,1035,1,0,42479
ccxt/ccxt,8681,1312,946,6724219,1,1,42475
charmbracelet/bubbletea,1214,176,141,5866,1,0,42451
KeygraphHQ/shannon,4855,39,211,62220,1,0,42448
payloadcms/payload,3716,734,159,184184,0,0,42430
Alamofire/Alamofire,7659,40,1044,43105,0,1,42379
deepspeedai/DeepSpeed,4830,1299,355,247113,0,1,42347
mingrammer/diagrams,2723,391,400,72676,1,1,42264
apachecn/ailearning,11585,3,1665,171378,0,1,42260
zen-browser/desktop,1499,532,90,5906469,1,0,42050
curl/curl,7203,41,766,137047,1,0,41895
nolimits4web/swiper,9667,249,667,83866,0,0,41855
danielmiessler/Fabric,4141,53,393,153144,1,0,41743
hexojs/hexo,7,97,783,7388,1,0,41711
dylanaraps/pure-bash-bible,3635,62,2,232,0,0,41579
dcloudio/uni-app,3715,687,500,7944474,1,0,41525
apache/dubbo,26453,967,2971,61580,1,0,41523
fastlane/fastlane,6005,780,715,84534,0,0,41522
yarnpkg/yarn,2731,2064,532,119774,0,0,41518
psf/black,2778,298,227,7984,1,0,41509
zbezj/HEU_KMS_Activator,3865,170,437,109713,1,0,41487
LC044/WeChatMsg,5123,25,215,2293,1,0,41426
hpcaitech/ColossalAI,4512,499,377,66601,1,0,41382
chubin/cheat.sh,1924,144,573,4717,1,0,41374
DataExpert-io/data-engineer-handbook,7833,39,473,62392,1,0,41350
HeyPuter/puter,3759,15,217,39491,0,1,41345
nwjs/nw.js,3859,898,1545,137005,1,0,41189
zai-org/ChatGLM-6B,5165,606,388,9362,0,0,41098
bailicangdu/vue2-elm,12291,121,1468,34425,1,0,41085
tabler/tabler,4366,130,639,373986,0,1,41054
styled-components/styled-components,2526,18,334,40146,0,0,41029
vuetifyjs/vuetify,7133,577,569,102461,0,0,41005
aria2/aria2,3862,1144,731,31502,1,0,40953
saadeghi/daisyui,1631,62,163,11682507,0,1,40945
666ghj/BettaFish,7562,27,226,187405,1,0,40932
DataTalksClub/data-engineering-zoomcamp,8172,7,587,10048,1,0,40912
paperless-ngx/paperless-ngx,2702,4,148,185527,1,1,40753
vnpy/vnpy,11697,6,1413,303262,1,0,40613
bradtraversy/50projects50days,9758,47,626,482,1,0,40550
QSCTech/zju-icicles,9585,10,1104,6076928,1,1,40523
mifi/lossless-cut,1956,274,262,24871,1,0,40476
freefq/free,5649,576,857,42112,1,0,40458
chakra-ui/chakra-ui,3607,18,196,283046,0,0,40426
remoteintech/remote-jobs,3939,11,1077,13740,0,1,40366
vim/vim,6043,1652,654,219528,1,0,40360
imputnet/cobalt,3426,242,167,18177,0,0,40343
asgeirtj/system_prompts_leaks,6707,20,514,2769,1,0,40329
wg/wrk,3031,203,734,38743,0,0,40278
trpc/trpc,1614,217,100,68534,0,0,40222
agno-agi/agno,5388,908,236,285032,1,0,40158
pingcap/tidb,6186,6235,1211,681784,1,0,40096
php/php-src,8047,1806,1348,637026,0,1,40069
facebookresearch/faiss,4380,296,491,275676,1,1,40054
google-research/bert,9718,880,0,317,1,0,40014
chatboxai/chatbox,4058,1154,208,41523,0,0,39986
goabstract/Awesome-Design-Tools,2249,149,572,19220,1,0,39937
evanw/esbuild,1307,615,266,20323,0,0,39899
appsmithorg/appsmith,4571,4466,302,801303,1,0,39825
ChromeDevTools/chrome-devtools-mcp,2531,95,149,9038,0,0,39807
go-gorm/gorm,4144,518,487,4812,1,0,39758
videojs/video.js,7502,648,1248,127848,1,1,39748
gofiber/fiber,1983,43,286,62808,0,1,39740
photoprism/photoprism,2268,471,321,347034,0,0,39678
phaserjs/phaser,7130,105,1179,477643,0,0,39632
DavidHDev/react-bits,1790,4,119,64229,1,0,39594
PatrickJS/awesome-cursorrules,3380,1,271,2843,0,0,39549
nushell/nushell,2137,1490,204,63922,0,0,39512
floodsung/Deep-Learning-Papers-Reading-Roadmap,7305,92,2061,3638,1,0,39493
lm-sys/FastChat,4793,1033,354,35323,0,0,39468
koalaman/shellcheck,1914,1231,402,5645,1,0,39432
moeru-ai/airi,3990,143,153,501610,0,0,39334
google/styleguide,12975,170,1248,3295,0,1,39301
2noise/ChatTTS,4258,59,207,10772,1,0,39269
mindsdb/minds-platform,6209,83,437,281324,1,1,39180
QuivrHQ/quivr,3743,22,285,130685,0,0,39152
roboflow/supervision,3501,105,229,3421629,0,1,39151
suno-ai/bark,4686,267,332,2641,1,0,39128
google/leveldb,8198,388,1306,1848,0,0,39080
microsoft/BitNet,3554,312,348,8298,1,0,39019
novuhq/novu,4289,155,172,295493,0,0,38984
chen08209/FlClash,2415,772,124,53769,0,0,38939
freeCodeCamp/devdocs,2601,234,672,32607,0,0,38911
Dogfalo/materialize,4641,793,940,165568,1,1,38879
exelban/stats,1322,11,136,59031,0,0,38865
abhigyanpatwari/GitNexus,4432,304,140,28272,1,0,38679
XTLS/Xray-core,5391,49,408,30079,1,0,38677
halo-dev/halo,10260,178,478,86643,0,0,38632
preactjs/preact,2033,151,388,18915,1,1,38624
gkd-kit/gkd,1840,11,110,4530,0,0,38616
google/googletest,10775,552,1250,14123,0,1,38612
CorentinTh/it-tools,4873,788,153,13572,1,0,38606
outline/outline,3295,68,179,317205,0,0,38514
pola-rs/polars,2832,2746,216,206146,0,1,38511
ManimCommunity/manim,2843,515,50,47457,1,0,38427
juanfont/headscale,2107,112,188,38674,0,1,38419
Lordog/dive-into-llms,4709,13,238,136064,1,0,38416
Kong/insomnia,2285,838,239,149919,1,1,38409
vadimdemedes/ink,989,28,123,2186,0,0,38403
gto76/python-cheatsheet,6730,0,962,13476,1,1,38401
lapce/lapce,1270,880,191,28748,0,1,38392
llvm/llvm-project,17163,36159,564,4005976,0,0,38363
RSSNext/Folo,2050,371,146,75557,1,0,38310
duckdb/duckdb,3241,598,265,441913,0,0,38250
ant-design/ant-design-pro,8243,28,739,43979,1,1,38234
PhilJay/MPAndroidChart,8995,2190,1097,21593,1,0,38211
istio/istio,8300,462,952,296433,1,0,38203
rapid7/metasploit-framework,14858,629,2052,1218539,1,1,38201
impress/impress.js,6604,59,1195,4390,1,1,38181
TeamNewPipe/NewPipe,3580,1401,610,88038,1,0,38170
sxyazi/yazi,868,61,91,7953,0,0,38145
httpie/cli,3956,285,114,6925,0,0,38144
kilimchoi/engineering-blogs,2009,147,1058,1339,1,0,38116
naptha/tesseract.js,2366,45,477,109272,0,1,38081
chatchat-space/Langchain-Chatchat,6212,28,289,144496,1,0,38035
spacedriveapp/spacedrive,1284,32,220,271488,0,0,38029
chatanywhere/GPT_API_free,2645,16,168,5578,1,0,37984
dotnet/aspnetcore,10651,3927,1408,378809,1,0,37931
google-research/google-research,8409,1917,767,1189104,0,1,37925
ToolJet/ToolJet,5068,1012,195,1633210,0,0,37910
huihut/interview,8112,2,849,5713,1,1,37809
sickn33/antigravity-awesome-skills,6178,1,301,54362,1,1,37765
FreeCodeCampChina/freecodecamp.cn,1414,159,780,30959,1,0,37704
huiyadanli/RevokeMsgPatcher,3989,51,274,3755,1,0,37624
denysdovhan/wtfjs,2693,44,569,1501,0,0,37600
vlang/v,2244,97,458,107002,1,0,37579
GyulyVGC/sniffnet,1513,58,153,342612,1,0,37558
ShareX/ShareX,3738,643,544,68058,0,0,37551
qbittorrent/qBittorrent,4682,2601,433,306646,1,0,37505
NervJS/taro,4885,1721,677,1593998,1,1,37475
portainer/portainer,2821,743,475,86767,0,0,37455
TencentARC/GFPGAN,6279,403,510,5467,1,0,37450
MHSanaei/3x-ui,7049,585,255,40318,1,1,37420
deepseek-ai/awesome-deepseek-integration,4104,71,389,80206,0,0,37411
LAION-AI/Open-Assistant,3304,296,430,35477,0,1,37408
sqlmapproject/sqlmap,6260,62,1103,87571,1,1,37395
docker/compose,5807,108,701,27858,0,0,37390
eugenp/tutorials,53571,29,1476,119119,1,0,37349
alibaba/arthas,7636,473,1110,66738,1,1,37310
ashishps1/awesome-system-design-resources,8045,12,453,2340,1,0,37290
exacity/deeplearningbook-chinese,9140,67,2175,8908,1,1,37269
0voice/interview_internal_reference,9390,36,1479,1161,1,0,37225
drawdb-io/drawdb,3007,215,135,7022,0,0,37219
openai/gym,8701,128,1039,7125,1,0,37203
amruthpillai/reactive-resume,4189,66,120,211126,0,1,37192
YunaiV/ruoyi-vue-pro,8052,5,262,192323,1,0,37135
danny-avila/LibreChat,7637,448,191,172974,1,1,37114
aseprite/aseprite,8065,1958,446,47084,0,0,37043
PKUanonym/REKCARC-TSC-UHT,7846,3,878,4721748,1,0,37032
LizardByte/Sunshine,1932,112,143,62649,0,1,37012
fengdu78/Coursera-ML-AndrewNg-Notes,11181,68,1001,662586,1,1,36951
AobingJava/JavaFamily,7784,6,1123,420,1,0,36947
satwikkansal/wtfpython,2668,70,704,1464,1,0,36938
alebcay/awesome-shell,2517,163,750,653,1,0,36917
karpathy/LLM101n,2021,19,3,275,0,0,36916
babysor/MockingBird,5217,482,300,130787,1,0,36901
huggingface/pytorch-image-models,5162,66,317,30792,1,1,36809
markedjs/marked,3532,13,383,10848,0,0,36802
ueberdosis/tiptap,2981,894,172,80546,0,0,36801
servo/servo,3628,3106,497,1924034,1,0,36741
mattermost/mattermost,8620,872,530,1035812,0,0,36728
umami-software/umami,7118,129,130,28589,1,0,36694
inkonchain/docs,466,58,61,23288,0,0,36682
ajeetdsouza/zoxide,823,155,71,4420,1,0,36681
shadowsocks/shadowsocks-android,11492,70,1545,53838,1,0,36642
inkonchain/node,635,23,96,236,0,0,36622
xyflow/xyflow,2403,122,131,43988,0,0,36616
date-fns/date-fns,1945,926,202,24034,0,0,36568
inkonchain/ink-kit,430,3,0,1109,0,0,36535
myshell-ai/OpenVoice,4079,302,255,3944,1,0,36518
typeorm/typeorm,6554,529,335,40821,1,0,36485
google/langextract,2511,105,161,10705,0,0,36478
ZhuLinsen/daily_stock_analysis,35834,48,165,69352,0,0,36443
open-guides/og-aws,3903,161,1190,7680,0,0,36414
siddharthvaddem/openscreen,2473,56,80,163113,1,0,36345
hankcs/HanLP,10894,12,1118,72904,1,0,36309
fastify/fastify,2684,135,299,10172,0,0,36252
SheetJS/sheetjs,7952,132,594,105796,0,1,36251
formulahendry/955.WLB,1744,202,722,120,1,0,36230
slatedocs/slate,371,50,489,1323,1,0,36124
reworkd/AgentGPT,9353,219,329,91869,0,0,36102
jaywcjlove/linux-command,6599,81,552,4225620,0,1,36093
geekxh/hello-algorithm,6426,11,645,365053,1,0,36078
pbatard/rufus,3052,11,608,45959,1,1,36078
TriliumNext/Trilium,2406,792,278,571215,1,0,36075
lerna/lerna,2271,325,247,41518,0,0,36072
DioxusLabs/dioxus,1658,652,172,52805,0,0,36058
carbon-app/carbon,1974,81,246,21055,0,0,36021
veggiemonk/awesome-docker,3302,23,723,14686,0,1,36021
doocs/leetcode,9415,3,336,780946,0,1,36012
Textualize/textual,1200,281,179,497091,1,1,35934
XingangPan/DragGAN,3428,153,967,34847,1,0,35861
harness/harness,3127,92,531,59475,0,1,35859
hyprwm/Hyprland,1737,183,137,75852,1,0,35844
opentofu/manifesto,1037,20,62,1858,0,1,35784
directus/directus,4762,408,331,441995,0,0,35723
koajs/koa,3215,38,801,4273,1,0,35713
anthropics/prompt-eng-interactive-tutorial,3827,68,323,5584,1,0,35710
jondot/awesome-react-native,4021,124,1079,5250,1,1,35684
mouredev/Hello-Python,2298,35,509,5715,1,0,35660
junegunn/vim-plug,1948,83,365,8823,1,0,35656
RVC-Project/Retrieval-based-Voice-Conversion-WebUI,5045,734,220,14585,1,0,35629
hashicorp/vault,4668,1493,778,352131,0,0,35622
jax-ml/jax,3578,2369,330,168764,0,0,35620
airbnb/lottie-android,5433,58,834,137398,0,0,35612
solidjs/solid,1060,25,216,17328,1,0,35524
wshobson/agents,3866,7,318,4290,1,0,35518
zsh-users/zsh-autosuggestions,1930,199,179,583,1,0,35506
1Panel-dev/1Panel,3165,404,189,104757,0,0,35483
alvarotrigo/fullPage.js,7140,127,816,17123,1,0,35446
xinntao/Real-ESRGAN,4332,640,244,5514,1,0,35436
microsoft/Data-Science-For-Beginners,7198,4,532,1873855,0,1,35348
nativefier/nativefier,2241,258,2,6372,0,0,35316
HKUDS/LightRAG,4992,231,209,90886,0,0,35291
mpv-player/mpv,3337,1128,497,119548,1,0,35249
google-ai-edge/mediapipe,5977,607,529,607509,1,1,35224
sahat/hackathon-starter,8170,7,724,16351,0,0,35212
HKUDS/CLI-Anything,3464,52,150,35129,0,1,35196
datalab-to/marker,2443,409,124,18463,1,0,35149
unknwon/the-way-to-go_ZH_CN,8538,46,1240,12602,0,0,35107
pnpm/pnpm,1447,2284,148,206467,0,0,35094
ryanhanwu/How-To-Ask-Questions-The-Smart-Way,5835,11,418,380,0,0,35079
alan2207/bulletproof-react,3189,40,248,2249,1,0,35067
patchy631/ai-engineering-hub,5833,115,441,275730,1,0,35066
typicode/husky,1082,103,152,4846,0,1,35066
geekan/HowToLiveLonger,2377,41,247,71,1,0,35048
bumptech/glide,6174,638,1024,97841,1,1,35024
aquasecurity/trivy,376,250,206,935206,0,1,35023
schollz/croc,1383,13,249,25232,0,0,35021
geekcomputers/Python,12930,498,2411,49998,1,0,35015
nextcloud/server,4873,3410,545,6556968,1,1,35009
sorrycc/awesome-javascript,4539,18,1025,949,0,0,34969
netty/netty,16249,640,1677,110179,1,0,34955
fxsjy/jieba,6697,700,1254,56033,1,0,34955
kuchin/awesome-cto,2188,3,776,151,1,1,34919
gchq/CyberChef,3948,566,394,88953,1,1,34860
jqlang/jq,1787,459,348,7547,1,1,34745
filebrowser/filebrowser,3842,42,330,23828,0,1,34736
refinedev/refine,3045,35,144,8284923,0,1,34719
laravel/framework,11879,104,927,100415,0,0,34710
BVLC/caffe,18487,1175,2057,76170,1,1,34599
khoj-ai/khoj,2202,99,167,117335,0,1,34575
PostHog/posthog,2738,4098,132,5061498,0,1,34525
stanfordnlp/dspy,2900,477,195,179028,1,0,34478
facebookresearch/detectron2,7936,587,392,6871,0,0,34473
ItzCrazyKns/Vane,3770,306,190,113096,0,0,34436
keycloak/keycloak,8353,2837,396,590950,0,0,34433
drizzle-team/drizzle-orm,1390,1770,86,53044,1,0,34404
firecracker-microvm/firecracker,2393,83,348,39730,0,0,34399
jaredpalmer/formik,2785,836,225,17152,0,0,34365
nodejs/node-v0.x-archive,7235,0,32,144238,1,0,34310
xitu/gold-miner,5003,14,1243,80499,1,0,34309
bytedance/UI-TARS-desktop,3425,392,262,192831,0,1,34300
qishibo/AnotherRedisDesktopManager,2706,183,265,5533,1,0,34285
python-poetry/poetry,2443,555,184,25004,0,0,34273
TheAlgorithms/C-Plus-Plus,7805,36,509,140614,0,1,34254
GorvGoyl/Clone-Wars,3067,34,547,1904,1,1,34210
glanceapp/glance,1321,319,78,20378,0,0,34192
testerSunshine/12306,9658,280,1,58570,1,0,34177
TheAlgorithms/JavaScript,5856,200,621,3007,1,0,34166
zenorocha/clipboard.js,3915,15,411,3631,1,1,34157
chenfei-wu/TaskMatrix,3226,257,293,41169,1,0,34128
wailsapp/wails,1685,406,152,407146,0,1,34126
xkcoding/spring-boot-demo,10944,142,1006,14194,1,0,34101
utmapp/UTM,1709,1032,381,50652,1,0,34094
CMU-Perceptual-Computing-Lab/openpose,8053,359,902,86496,1,1,34087
SeleniumHQ/selenium,8680,183,1249,2361763,1,1,34082
musistudio/claude-code-router,2775,927,126,13894,1,1,34078
ehang-io/nps,6081,525,471,9168,1,1,34056
Yeachan-Heo/oh-my-claudecode,3120,6,126,56621,1,0,34047
Dokploy/dokploy,2467,536,102,29893,1,0,34044
AdguardTeam/AdGuardHome,2333,1315,321,28746,1,0,34026
ZuodaoTech/everyone-can-use-english,4750,105,310,278757,1,0,34019
atlassian/react-beautiful-dnd,2716,642,2,14804,0,0,34001
v2fly/v2ray-core,5053,43,444,69363,0,0,33944
zxing/zxing,9429,3,1648,243581,1,1,33943
awesome-foss/awesome-sysadmin,2019,62,620,1322,0,0,33927
frappe/erpnext,11252,2067,667,1672810,1,0,33916
lllyasviel/ControlNet,3017,462,221,125281,1,0,33884
SagerNet/sing-box,4001,250,188,20016,0,1,33871
anoma/anoma,4116,120,192,78462,1,1,33866
IceWhaleTech/CasaOS,1910,797,199,182856,1,0,33840
songquanpeng/one-api,6468,1006,165,15963,1,0,33826
QuantumNous/new-api,7473,829,97,35117,0,0,33811
PDFMathTranslate/PDFMathTranslate,3041,123,120,54517,1,0,33801
halfrost/LeetCode-Go,5739,23,615,19315,1,0,33795
Pythagora-io/gpt-pilot,3494,247,297,359723,1,0,33773
alibaba/easyexcel,7598,569,17,26334,1,0,33721
balena-io/etcher,2364,671,444,101184,1,1,33717
carbon-language/carbon-lang,1534,226,359,104483,1,1,33704
casey/just,787,306,100,16667,0,1,33697
Blankj/AndroidUtilCode,10654,327,1158,47329,0,1,33678
nothings/stb,8052,403,638,5854,0,0,33659
ocrmypdf/OCRmyPDF,2333,144,190,69784,1,0,33649
ashishpatel26/500-AI-Machine-learning-Deep-learning-Computer-vision-NLP-Projects-with-code,7139,64,687,879,1,1,33644
derailed/k9s,2162,198,154,62657,1,0,33633
huggingface/diffusers,6989,1130,215,97083,1,0,33633
shadowsocks/shadowsocks,18148,450,2021,891,1,0,33591
explosion/spaCy,4682,204,560,203709,0,0,33579
lib-pku/libpku,8228,14,1292,714371,1,0,33576
restic/restic,1752,534,226,70801,0,0,33547
TabbyML/tabby,1745,315,183,112194,0,1,33524
openai/CLIP,4009,273,326,9143,0,0,33504
fish-shell/fish-shell,2300,549,280,175253,1,0,33462
AFNetworking/AFNetworking,10597,102,3,6129,1,0,33459
XX-net/XX-Net,7573,7919,1608,60663,1,0,33457
pcottle/learnGitBranching,5970,60,507,63008,1,1,33452
bayandin/awesome-awesomeness,3599,54,1624,381,0,0,33431
swc-project/swc,1390,413,148,446071,0,0,33414
backstage/backstage,7332,492,232,5196863,0,1,33358
mli/paper-reading,2808,1,813,9001,0,0,33275
mckaywrigley/chatbot-ui,9438,238,265,3644,0,0,33244
medusajs/medusa,4439,175,190,765860,1,0,33233
luongnv89/claude-howto,4066,29,140,12860,1,1,33231
continuedev/continue,4518,770,153,870660,0,0,33226
vercel-labs/agent-browser,2061,471,94,17043,1,0,33209
MonitorControl/MonitorControl,968,24,168,30047,1,1,33196
SerenityOS/serenity,3327,748,357,240903,0,0,33180
github/awesome-copilot,4046,32,338,63725,0,1,33161
bilibili/ijkplayer,8237,2895,1163,8283,1,0,33152
OpenBMB/ChatDev,4104,54,358,377780,0,0,33109
lissy93/web-check,2674,82,169,27951,1,0,33102
router-for-me/CLIProxyAPI,5502,359,81,14790,0,0,33066
immutable-js/immutable-js,1845,123,484,147575,1,1,33061
adobe/brackets,7492,2778,24,92974,1,0,33053
certbot/certbot,3494,189,734,73707,1,0,33034
microsoft/graphrag,3499,118,196,206018,1,1,33032
k3s-io/k3s,2659,142,283,590635,1,0,33025
zeromicro/go-zero,4295,275,309,32906,0,0,33009
remix-run/remix,2768,62,268,83223,0,0,32977
gulpjs/gulp,4156,34,1005,1117,0,0,32974
kovidgoyal/kitty,1370,12,187,73136,1,0,32971
raysan5/raylib,3098,18,313,420270,1,0,32964
google/comprehensive-rust,2010,166,150,27997,0,1,32963
alibaba/nacos,13279,252,892,90344,1,0,32954
ibraheemdev/modern-unix,830,68,397,72,1,0,32916
lutzroeder/netron,3118,19,316,95453,0,0,32896
shadowsocks/ShadowsocksX-NG,7813,314,930,50660,1,1,32887
cursor/cursor,2241,1,245,1655,0,0,32879
qier222/YesPlayMusic,4706,648,217,48857,1,0,32865
NginxProxyManager/nginx-proxy-manager,3742,923,213,22326,0,0,32852
binarywang/WxJava,9066,34,1340,19751,1,0,32788
tinygrad/tinygrad,4111,182,284,113210,0,1,32704
open-mmlab/mmdetection,9837,1959,364,64771,1,0,32692
zellij-org/zellij,1194,1693,112,158454,1,0,32660
yewstack/yew,1458,115,287,21996,0,1,32633
apache/kafka,15196,348,1043,290954,0,0,32618
microsoft/playwright-mcp,2677,4,123,1989,0,0,32614
floating-ui/floating-ui,1678,49,246,41269,1,0,32596
nicolargo/glances,1736,100,499,55308,1,1,32557
0xAX/linux-insides,3523,31,1311,21397,0,0,32553
ziadoz/awesome-php,5146,68,1677,1452,0,0,32528
valinet/ExplorerPatcher,1316,333,279,9438,1,0,32502
AstrBotDevs/AstrBot,2227,1124,76,63733,1,0,32419
beego/beego,5588,19,1147,11992,1,0,32404
labstack/echo,2318,94,517,6955,1,0,32385
vbenjs/vue-vben-admin,8768,103,275,45595,1,1,32383
vercel/swr,1335,195,212,8231,0,0,32382
yunjey/pytorch-tutorial,8243,88,620,13110,1,0,32347
seaweedfs/seaweedfs,2817,729,523,186375,1,1,32325
microsoft/WSL,1720,944,587,54695,0,1,32311
aristocratos/btop,1014,482,124,9873,1,0,32264
lovell/sharp,1405,125,225,60053,0,0,32229
facebookresearch/fairseq,6683,1353,421,26071,0,0,32220
langchain-ai/langgraph,5465,561,158,520228,0,1,32219
google/material-design-lite,4926,430,1149,56990,1,0,32173
cockroachdb/cockroach,4123,8312,656,3262134,1,0,32162
linera-io/linera-protocol,2355,651,191,231517,0,1,32146
surrealdb/surrealdb,1265,654,157,52970,0,0,32132
lizongying/my-tv,3615,146,222,72954,1,0,32122
microsoft/MS-DOS,4634,3,4,120196,0,0,32109
The-Run-Philosophy-Organization/run,2563,47,381,411061,1,0,32073
numpy/numpy,12373,2376,599,175307,1,0,32045
OWASP/CheatSheetSeries,4453,49,563,2340584,0,1,32034
tokio-rs/tokio,3055,422,315,17148,0,0,32011
linexjlin/GPTs,4393,13,340,718,1,0,31990
blakeblackshear/frigate,3090,124,241,121916,1,1,31978
motiondivision/motion,1170,121,112,1659940,0,0,31970
hasura/graphql-engine,2880,2370,314,5194959,1,1,31967
dokku/dokku,2034,29,337,23690,1,0,31880
niklasvh/html2canvas,4885,1051,494,117300,0,1,31854
airbnb/lottie-web,2921,847,441,358131,1,0,31849
Trinea/android-open-project,11847,31,3515,2181,1,0,31830
conductor-oss/conductor,894,166,48,38683,0,1,31829
kubernetes/minikube,5223,605,471,300159,0,0,31805
telegramdesktop/tdesktop,6717,984,897,274720,1,1,31797
codex-team/editor.js,2236,690,244,20680,0,0,31760
amix/vimrc,7265,21,771,32472,1,0,31760
waydabber/BetterDisplay,605,145,83,15831,1,1,31751
containers/podman,3113,1081,221,178861,1,0,31703
pear-devs/pear-desktop,1814,656,164,21689,1,0,31693
facebook/rocksdb,6827,1510,982,240544,1,1,31683
ianstormtaylor/slate,3322,658,296,26789,0,0,31679
ReactiveX/rxjs,2992,295,444,49357,0,0,31678
kepano/obsidian-skills,2196,38,190,42,1,0,31675
Chanzhaoyu/chatgpt-web,10855,1,1,6223,1,0,31671
tailscale/tailscale,2566,4297,200,80580,1,0,31639
hehonghui/awesome-english-ebooks,2602,0,752,14490446,1,0,31601
alpinejs/alpine,1364,1,223,8967,0,0,31579
DevToys-app/DevToys,1750,330,157,229285,0,0,31525
influxdata/influxdb,3705,2144,702,209657,0,0,31502
VectifyAI/PageIndex,2694,154,134,24277,0,0,31498
ValveSoftware/Proton,1441,5084,386,153142,1,0,31497
dgtlmoon/changedetection.io,1778,334,104,24482,1,0,31484
CopilotKit/CopilotKit,4068,480,159,743449,1,0,31471
eriklindernoren/ML-From-Scratch,5270,73,966,553,1,0,31467
shardeum/shardeum,705,87,295,29293,0,0,31448
VSCodium/vscodium,1709,131,232,33177,0,0,31446
coolsnowwolf/lede,19343,841,713,319573,1,0,31445
donnemartin/interactive-coding-challenges,4638,75,959,7768,1,0,31431
zeroclaw-labs/zeroclaw,4620,485,69,98165,1,1,31396
iawia002/lux,3302,542,380,2566,0,0,31365
qdrant/qdrant,2268,534,150,52540,0,1,31359
mathiasbynens/dotfiles,8526,188,653,850,0,0,31343
refined-github/refined-github,1754,114,226,27627,1,0,31343
XIU2/TrackersListCollection,1783,1,332,17211,0,1,31298
parallax/jsPDF,4801,112,471,142705,0,1,31226
docsifyjs/docsify,5818,103,266,30696,1,1,31207
fabricjs/fabric.js,3626,464,463,247708,1,0,31164
tqdm/tqdm,1448,612,210,6053,1,1,31156
Lightning-AI/pytorch-lightning,3723,1010,257,133715,0,0,31142
